title,chrome,resvg,batik,inkscape,librsvg,qtsvg
a-clip-path-001.svg,1,1,1,1,1,2
a-clip-rule-001.svg,1,1,1,1,1,2
a-color-001.svg,1,1,1,1,1,1
a-display-001.svg,1,1,1,1,1,1
a-fill-001.svg,1,1,1,1,1,1
a-fill-002.svg,1,1,1,1,1,1
a-fill-003.svg,1,1,1,1,1,1
a-fill-004.svg,1,1,1,1,1,1
a-fill-005.svg,1,1,1,1,1,1
a-fill-006.svg,1,1,1,1,1,1
a-fill-007.svg,1,1,1,1,1,1
a-fill-008.svg,1,1,1,1,1,1
a-fill-009.svg,1,1,1,1,1,1
a-fill-010.svg,0,0,0,0,0,0
a-fill-011.svg,1,1,1,1,1,1
a-fill-012.svg,1,1,1,1,1,2
a-fill-013.svg,1,1,1,1,1,1
a-fill-028.svg,1,1,1,1,1,1
a-fill-014.svg,1,1,1,2,1,2
a-fill-015.svg,0,0,0,0,0,0
a-fill-016.svg,1,1,1,1,1,1
a-fill-017.svg,1,1,1,1,1,1
a-fill-018.svg,1,1,1,1,1,2
a-fill-019.svg,1,1,1,1,2,1
a-fill-020.svg,1,1,1,1,1,1
a-fill-021.svg,1,1,1,1,1,1
a-fill-022.svg,1,1,1,1,1,1
a-fill-023.svg,1,1,3,1,1,1
a-fill-024.svg,1,1,1,1,1,1
a-fill-025.svg,2,2,1,2,2,2
a-fill-026.svg,1,1,1,1,1,2
a-fill-034.svg,2,1,1,2,2,2
a-fill-035.svg,1,1,1,1,1,2
a-fill-036.svg,1,1,1,1,1,1
a-fill-037.svg,1,1,1,1,1,1
a-fill-027.svg,2,2,1,1,1,1
a-fill-029.svg,1,1,1,1,1,1
a-fill-030.svg,1,1,1,1,1,1
a-fill-031.svg,1,1,1,1,1,1
a-fill-032.svg,0,0,0,0,0,0
a-fill-033.svg,1,1,1,1,1,2
a-fill-opacity-001.svg,1,1,1,1,1,1
a-fill-opacity-002.svg,1,1,1,1,1,2
a-fill-opacity-003.svg,1,1,1,1,1,1
a-fill-opacity-004.svg,1,1,1,1,2,2
a-fill-opacity-005.svg,1,1,1,1,1,1
a-fill-opacity-006.svg,1,1,1,1,1,1
a-fill-rule-001.svg,1,1,1,1,1,1
a-fill-rule-002.svg,1,1,1,1,1,1
a-font-family-001.svg,1,1,1,1,1,1
a-font-family-002.svg,1,1,1,1,1,1
a-font-family-003.svg,1,1,1,1,1,1
a-font-family-004.svg,1,1,1,1,1,1
a-font-family-005.svg,1,1,1,1,1,1
a-font-family-006.svg,1,1,1,1,1,1
a-font-family-007.svg,1,1,1,1,1,1
a-font-family-008.svg,1,2,1,1,2,1
a-font-family-009.svg,1,1,1,1,1,1
a-font-family-010.svg,1,1,1,1,1,1
a-font-size-001.svg,1,1,1,1,1,1
a-font-size-002.svg,1,1,1,1,1,1
a-font-size-003.svg,1,1,1,1,2,2
a-font-size-004.svg,1,1,1,1,2,2
a-font-size-020.svg,1,1,1,1,2,2
a-font-size-005.svg,1,1,1,1,2,2
a-font-size-006.svg,1,1,1,1,2,2
a-font-size-007.svg,1,1,1,1,2,2
a-font-size-008.svg,1,1,1,1,1,1
a-font-size-014.svg,1,1,1,1,1,2
a-font-size-015.svg,1,1,1,1,2,2
a-font-size-016.svg,1,1,1,1,2,2
a-font-size-017.svg,1,1,1,1,2,2
a-font-size-018.svg,1,1,1,1,2,2
a-font-size-019.svg,1,1,1,1,2,2
a-font-size-009.svg,1,1,1,1,1,2
a-font-size-010.svg,1,1,1,1,1,1
a-font-size-011.svg,1,1,1,1,1,1
a-font-size-012.svg,1,1,1,1,1,2
a-font-size-013.svg,0,0,3,0,0,0
a-font-stretch-001.svg,2,2,1,2,2,2
a-font-stretch-002.svg,2,2,1,2,2,2
a-font-style-001.svg,1,1,1,1,1,1
a-font-style-002.svg,1,1,1,1,1,1
a-font-style-003.svg,1,1,1,1,1,1
a-font-variant-001.svg,1,2,2,2,2,2
a-font-variant-002.svg,1,2,2,2,2,2
a-font-weight-001.svg,1,1,1,1,1,1
a-font-weight-002.svg,1,1,1,1,1,1
a-font-weight-003.svg,1,1,2,1,1,1
a-font-weight-004.svg,1,1,1,1,1,1
a-font-weight-005.svg,1,1,2,1,2,2
a-font-weight-006.svg,1,1,2,2,2,2
a-font-weight-007.svg,1,1,2,1,2,2
a-font-weight-008.svg,1,1,2,1,2,2
a-font-weight-009.svg,1,1,1,1,1,1
a-font-weight-010.svg,1,1,1,1,1,1
a-font-weight-011.svg,1,1,1,1,1,1
a-font-weight-012.svg,2,1,1,1,1,1
a-mask-001.svg,1,1,2,1,1,2
a-opacity-001.svg,1,1,1,1,1,2
a-stop-color-001.svg,1,1,1,1,1,1
a-stop-opacity-001.svg,1,1,1,1,1,1
a-stroke-001.svg,1,1,1,1,1,1
a-stroke-002.svg,1,1,1,1,1,1
a-stroke-003.svg,1,1,1,1,1,1
a-stroke-004.svg,1,1,1,1,1,2
a-stroke-005.svg,1,1,3,1,1,1
a-stroke-006.svg,1,1,1,1,1,1
a-stroke-007.svg,1,1,1,1,1,2
a-stroke-008.svg,0,0,0,0,0,0
a-stroke-009.svg,1,1,1,1,1,2
a-stroke-010.svg,1,1,1,2,2,2
a-stroke-011.svg,1,1,1,2,2,2
a-stroke-012.svg,1,1,3,1,1,2
a-stroke-013.svg,1,1,1,2,1,2
a-stroke-014.svg,1,1,1,2,2,2
a-stroke-015.svg,1,1,1,2,2,2
a-stroke-dasharray-001.svg,1,1,1,1,1,1
a-stroke-dasharray-002.svg,1,1,1,1,2,1
a-stroke-dasharray-003.svg,1,1,1,1,2,1
a-stroke-dasharray-004.svg,1,1,1,2,2,2
a-stroke-dasharray-005.svg,1,1,1,2,2,2
a-stroke-dasharray-006.svg,1,1,1,2,2,2
a-stroke-dasharray-007.svg,0,0,3,0,0,0
a-stroke-dasharray-008.svg,1,1,1,2,1,2
a-stroke-dasharray-009.svg,0,0,3,0,0,0
a-stroke-dasharray-010.svg,1,1,1,1,2,1
a-stroke-dasharray-011.svg,1,1,1,1,2,1
a-stroke-dashoffset-001.svg,1,1,1,1,2,1
a-stroke-dashoffset-002.svg,1,1,1,1,2,1
a-stroke-dashoffset-003.svg,1,1,1,2,2,2
a-stroke-dashoffset-004.svg,1,1,1,2,2,2
a-stroke-dashoffset-005.svg,1,1,1,1,2,2
a-stroke-dashoffset-006.svg,1,1,1,1,2,1
a-stroke-linecap-001.svg,1,1,1,1,1,1
a-stroke-linecap-002.svg,1,1,1,1,1,1
a-stroke-linecap-003.svg,1,1,1,1,1,1
a-stroke-linecap-004.svg,1,1,1,1,1,2
a-stroke-linecap-005.svg,1,2,1,2,2,2
a-stroke-linecap-006.svg,1,1,1,1,1,1
a-stroke-linecap-007.svg,1,1,1,1,1,2
a-stroke-linecap-008.svg,1,1,1,1,1,2
a-stroke-linecap-009.svg,1,1,1,1,1,2
a-stroke-linejoin-001.svg,1,1,1,1,1,1
a-stroke-linejoin-002.svg,1,1,1,1,1,1
a-stroke-linejoin-003.svg,1,1,1,1,1,1
a-stroke-miterlimit-001.svg,1,1,1,1,1,1
a-stroke-miterlimit-002.svg,1,1,1,1,1,1
a-stroke-miterlimit-003.svg,1,1,1,2,2,1
a-stroke-opacity-001.svg,1,1,1,1,1,1
a-stroke-opacity-002.svg,1,1,1,1,1,2
a-stroke-opacity-003.svg,1,1,1,1,2,1
a-stroke-opacity-004.svg,1,1,1,1,2,2
a-stroke-opacity-005.svg,1,1,1,1,1,1
a-stroke-opacity-006.svg,1,1,1,1,1,2
a-stroke-width-001.svg,1,1,1,1,1,1
a-stroke-width-002.svg,1,1,1,1,1,1
a-stroke-width-003.svg,1,1,1,1,1,1
a-stroke-width-004.svg,0,0,0,0,0,0
a-stroke-width-005.svg,1,1,1,2,1,2
a-style-001.svg,1,1,1,1,1,1
a-style-002.svg,1,1,1,1,2,2
a-text-anchor-001.svg,1,1,1,1,1,1
a-text-anchor-002.svg,1,1,1,1,1,1
a-text-anchor-003.svg,1,1,1,1,1,1
a-text-anchor-004.svg,1,1,1,1,1,1
a-text-anchor-005.svg,1,1,1,2,1,2
a-text-anchor-006.svg,1,2,2,2,2,2
a-text-anchor-007.svg,1,1,1,1,1,1
a-text-anchor-008.svg,1,2,1,2,2,2
a-text-anchor-009.svg,2,2,2,1,2,2
a-text-decoration-001.svg,1,1,1,1,1,2
a-text-decoration-002.svg,1,1,1,1,2,2
a-text-decoration-003.svg,1,1,1,1,2,2
a-text-decoration-004.svg,1,1,2,2,2,2
a-text-decoration-005.svg,1,1,1,1,2,2
a-text-decoration-006.svg,1,1,2,2,2,2
a-text-decoration-007.svg,1,1,1,1,2,2
a-text-decoration-008.svg,1,1,1,1,2,2
a-text-decoration-009.svg,1,1,2,1,2,2
a-transform-001.svg,1,1,1,1,1,1
a-transform-002.svg,1,1,1,1,1,1
a-transform-003.svg,1,1,1,1,1,1
a-transform-004.svg,1,1,1,1,1,1
a-transform-005.svg,1,1,1,1,1,1
a-transform-006.svg,1,1,1,1,1,1
a-transform-007.svg,1,1,1,1,1,1
a-transform-008.svg,1,1,1,1,1,1
a-transform-009.svg,1,1,1,1,1,1
a-transform-010.svg,1,1,1,1,1,1
a-transform-011.svg,1,1,1,1,1,1
a-transform-012.svg,1,1,1,1,1,1
a-transform-013.svg,1,1,1,1,1,1
a-transform-014.svg,1,1,1,1,1,1
a-transform-015.svg,1,1,1,1,1,1
a-transform-016.svg,1,1,1,1,1,1
a-transform-017.svg,1,1,1,1,1,1
a-transform-018.svg,1,1,1,1,2,1
a-visibility-001.svg,1,1,1,2,1,1
a-visibility-002.svg,1,1,1,2,2,2
e-a-001.svg,1,1,1,1,1,1
e-a-002.svg,1,1,1,1,1,1
e-a-003.svg,1,1,1,1,2,1
e-a-004.svg,1,1,1,1,2,1
e-a-005.svg,1,1,1,1,2,2
e-circle-001.svg,1,1,1,1,1,1
e-circle-002.svg,1,1,3,1,1,1
e-circle-003.svg,1,1,1,1,1,1
e-circle-004.svg,1,1,1,1,1,1
e-circle-005.svg,1,1,1,1,1,1
e-circle-006.svg,1,1,3,1,1,2
e-clipPath-001.svg,1,1,1,1,1,2
e-clipPath-002.svg,1,1,1,1,1,2
e-clipPath-003.svg,1,1,1,1,1,2
e-clipPath-004.svg,1,1,1,1,1,2
e-clipPath-005.svg,1,1,1,2,1,2
e-clipPath-006.svg,1,1,1,2,2,2
e-clipPath-007.svg,1,1,1,2,1,2
e-clipPath-008.svg,1,1,2,2,1,2
e-clipPath-009.svg,1,1,1,1,1,2
e-clipPath-010.svg,1,1,1,1,1,2
e-clipPath-011.svg,1,1,1,1,2,2
e-clipPath-012.svg,1,1,2,1,1,2
e-clipPath-013.svg,1,1,1,1,1,2
e-clipPath-014.svg,1,1,1,1,2,2
e-clipPath-015.svg,1,1,1,1,2,2
e-clipPath-017.svg,1,1,1,1,2,2
e-clipPath-018.svg,1,1,1,1,2,2
e-clipPath-019.svg,1,2,2,1,2,2
e-clipPath-020.svg,1,2,2,2,2,2
e-clipPath-021.svg,1,1,1,1,1,2
e-clipPath-022.svg,1,1,2,1,1,2
e-clipPath-016.svg,1,1,2,2,2,2
e-clipPath-023.svg,1,1,1,1,1,2
e-clipPath-026.svg,1,1,1,1,1,2
e-clipPath-024.svg,1,1,2,2,1,2
e-clipPath-025.svg,1,1,2,1,1,2
e-clipPath-027.svg,1,1,1,1,1,1
e-clipPath-028.svg,1,1,3,1,1,1
e-defs-001.svg,1,1,1,1,1,1
e-defs-002.svg,1,1,1,1,1,1
e-defs-003.svg,1,1,1,1,1,1
e-defs-004.svg,1,1,1,1,1,1
e-defs-005.svg,1,1,1,1,1,1
e-defs-006.svg,1,1,1,1,1,1
e-defs-007.svg,1,1,1,1,1,1
e-ellipse-001.svg,1,1,1,1,1,1
e-ellipse-002.svg,1,1,3,1,1,1
e-ellipse-003.svg,1,1,3,1,1,1
e-ellipse-004.svg,1,1,3,1,1,1
e-ellipse-005.svg,1,1,1,1,1,1
e-ellipse-006.svg,1,1,1,1,1,1
e-ellipse-007.svg,1,1,1,1,1,1
e-ellipse-008.svg,1,1,3,1,1,2
e-ellipse-009.svg,1,1,3,1,1,2
e-ellipse-010.svg,1,1,3,1,1,2
e-g-001.svg,1,1,1,1,1,1
e-image-001.svg,1,1,1,1,2,2
e-image-002.svg,1,1,1,1,2,2
e-image-003.svg,1,1,1,2,2,2
e-image-017.svg,1,1,1,2,2,2
e-image-006.svg,2,1,1,2,2,2
e-image-004.svg,1,1,1,1,2,1
e-image-009.svg,1,1,1,1,1,1
e-image-005.svg,1,1,1,1,1,1
e-image-007.svg,1,1,1,2,2,2
e-image-008.svg,2,1,1,2,1,1
e-image-010.svg,1,1,3,1,1,1
e-image-011.svg,1,1,3,1,1,2
e-image-012.svg,1,1,3,1,1,2
e-image-013.svg,1,1,3,1,1,2
e-image-014.svg,1,1,3,1,1,2
e-image-015.svg,1,1,3,1,1,2
e-image-016.svg,1,1,3,1,1,2
e-image-018.svg,1,1,1,2,2,2
e-image-019.svg,2,1,1,2,2,2
e-image-020.svg,1,1,1,2,2,2
e-image-021.svg,2,1,1,2,2,2
e-image-022.svg,2,1,1,2,2,2
e-image-023.svg,2,1,1,2,2,2
e-image-024.svg,2,1,1,2,2,2
e-line-001.svg,1,1,1,1,1,1
e-line-002.svg,1,1,1,1,1,1
e-line-003.svg,1,1,1,1,1,1
e-line-004.svg,1,1,1,1,1,1
e-line-005.svg,1,1,1,1,1,1
e-line-006.svg,1,1,1,1,1,1
e-line-007.svg,1,1,1,1,1,1
e-line-008.svg,1,1,1,1,1,1
e-linearGradient-001.svg,1,1,1,1,1,1
e-linearGradient-002.svg,1,1,1,1,1,1
e-linearGradient-003.svg,1,1,1,1,1,1
e-linearGradient-004.svg,1,1,1,1,1,1
e-linearGradient-005.svg,1,1,3,1,2,1
e-linearGradient-006.svg,1,1,1,1,1,1
e-linearGradient-007.svg,1,1,1,1,1,1
e-linearGradient-008.svg,1,1,1,1,1,1
e-linearGradient-009.svg,1,1,2,1,1,1
e-linearGradient-010.svg,1,1,1,1,1,1
e-linearGradient-028.svg,1,1,1,1,1,2
e-linearGradient-011.svg,1,1,1,2,1,2
e-linearGradient-012.svg,1,1,2,1,1,2
e-linearGradient-013.svg,1,1,3,1,1,1
e-linearGradient-014.svg,1,1,1,2,1,2
e-linearGradient-015.svg,1,1,1,2,1,2
e-linearGradient-016.svg,1,1,3,1,1,1
e-linearGradient-017.svg,1,1,1,1,1,1
e-linearGradient-018.svg,1,1,3,1,1,1
e-linearGradient-019.svg,1,1,3,1,1,1
e-linearGradient-020.svg,1,1,1,1,1,2
e-linearGradient-021.svg,1,1,1,1,2,2
e-linearGradient-022.svg,1,1,1,1,1,1
e-linearGradient-023.svg,1,1,1,1,1,1
e-linearGradient-025.svg,1,1,1,1,1,1
e-linearGradient-026.svg,1,1,1,1,1,1
e-linearGradient-027.svg,1,1,1,1,1,1
e-linearGradient-024.svg,1,1,1,1,1,1
e-mask-001.svg,1,1,2,1,1,2
e-mask-002.svg,1,1,2,1,1,2
e-mask-003.svg,1,1,2,2,1,2
e-mask-004.svg,1,1,2,2,1,2
e-mask-005.svg,1,1,2,2,1,2
e-mask-006.svg,1,1,2,1,2,2
e-mask-007.svg,1,1,2,1,2,2
e-mask-008.svg,1,1,2,1,1,2
e-mask-009.svg,1,1,3,1,1,2
e-mask-010.svg,1,1,2,1,1,2
e-mask-011.svg,1,1,1,2,1,2
e-mask-012.svg,1,1,2,1,1,2
e-mask-013.svg,1,1,2,1,1,2
e-mask-014.svg,1,1,2,1,1,2
e-mask-015.svg,1,1,2,1,1,2
e-mask-016.svg,1,2,2,2,1,2
e-mask-017.svg,1,2,2,2,2,2
e-mask-018.svg,1,1,1,1,1,1
e-mask-019.svg,1,1,3,1,2,1
e-path-001.svg,1,1,1,1,1,1
e-path-002.svg,1,1,1,1,1,1
e-path-003.svg,1,1,1,1,1,1
e-path-004.svg,1,1,1,1,1,1
e-path-005.svg,1,1,1,1,1,1
e-path-006.svg,1,1,1,1,1,1
e-path-007.svg,1,1,1,1,1,1
e-path-008.svg,1,1,1,1,1,1
e-path-009.svg,1,1,1,1,1,1
e-path-010.svg,1,1,1,1,1,1
e-path-011.svg,1,1,1,1,1,2
e-path-012.svg,1,1,1,1,1,1
e-path-013.svg,1,1,1,1,1,1
e-path-014.svg,1,1,1,1,1,1
e-path-015.svg,1,1,1,1,1,1
e-path-016.svg,1,1,1,1,1,1
e-path-017.svg,1,1,1,1,1,1
e-path-018.svg,1,1,1,1,1,1
e-path-019.svg,1,1,1,1,1,1
e-path-020.svg,1,1,1,1,1,1
e-path-021.svg,1,1,1,1,1,1
e-path-022.svg,1,1,1,1,1,1
e-path-023.svg,1,1,1,1,1,1
e-path-024.svg,1,1,1,1,1,1
e-path-025.svg,1,1,1,1,1,1
e-path-026.svg,1,1,1,1,1,1
e-path-027.svg,1,1,1,1,1,1
e-path-028.svg,1,1,1,1,1,1
e-path-029.svg,1,1,1,1,1,1
e-path-030.svg,1,1,1,1,1,1
e-path-031.svg,1,1,1,1,1,1
e-path-032.svg,1,1,1,1,1,2
e-path-033.svg,1,1,1,1,1,2
e-path-034.svg,1,1,3,1,1,2
e-path-035.svg,1,1,3,1,1,2
e-path-036.svg,1,1,1,1,1,1
e-path-037.svg,1,1,3,1,1,1
e-path-038.svg,1,1,3,1,1,2
e-path-039.svg,1,1,3,1,1,2
e-path-040.svg,1,1,1,1,1,1
e-path-041.svg,1,1,1,1,1,1
e-path-042.svg,1,1,3,2,1,1
e-path-043.svg,1,1,3,2,1,1
e-path-044.svg,1,1,2,2,2,2
e-pattern-001.svg,1,1,1,1,1,2
e-pattern-002.svg,1,1,1,1,1,2
e-pattern-003.svg,0,0,0,0,0,0
e-pattern-004.svg,1,1,1,1,1,2
e-pattern-005.svg,1,1,1,1,1,2
e-pattern-006.svg,1,1,1,1,1,2
e-pattern-007.svg,1,1,1,2,1,2
e-pattern-008.svg,1,1,2,2,1,2
e-pattern-009.svg,1,1,1,1,1,2
e-pattern-010.svg,1,1,1,2,1,2
e-pattern-011.svg,1,1,1,1,1,2
e-pattern-012.svg,1,1,3,1,1,2
e-pattern-013.svg,1,1,3,1,1,2
e-pattern-014.svg,1,1,1,1,1,2
e-pattern-015.svg,1,1,1,1,1,2
e-pattern-016.svg,1,1,1,1,1,2
e-pattern-017.svg,1,1,1,1,3,2
e-pattern-018.svg,1,1,1,1,1,2
e-pattern-019.svg,1,1,2,2,1,2
e-pattern-020.svg,1,1,2,1,1,2
e-pattern-021.svg,1,1,3,3,1,2
e-pattern-022.svg,1,1,3,3,1,2
e-pattern-023.svg,1,1,3,3,1,2
e-pattern-024.svg,1,2,2,1,1,2
e-polygon-001.svg,1,1,1,1,1,1
e-polygon-002.svg,1,1,3,1,1,1
e-polygon-003.svg,1,1,3,1,2,1
e-polygon-004.svg,1,1,3,1,2,1
e-polygon-005.svg,1,1,1,1,1,1
e-polyline-001.svg,1,1,1,1,1,1
e-polyline-002.svg,1,1,3,1,1,1
e-polyline-003.svg,1,1,3,1,2,1
e-polyline-004.svg,1,1,3,1,2,1
e-polyline-005.svg,1,1,1,1,1,1
e-radialGradient-001.svg,1,1,1,1,1,1
e-radialGradient-002.svg,1,1,1,1,1,1
e-radialGradient-003.svg,1,1,1,1,1,1
e-radialGradient-004.svg,1,1,1,1,1,1
e-radialGradient-005.svg,1,1,3,1,1,1
e-radialGradient-006.svg,1,1,1,1,1,1
e-radialGradient-007.svg,1,1,1,1,1,1
e-radialGradient-008.svg,1,1,1,1,1,1
e-radialGradient-009.svg,1,1,1,1,1,1
e-radialGradient-010.svg,1,1,3,1,1,1
e-radialGradient-011.svg,1,1,1,2,1,2
e-radialGradient-012.svg,1,1,1,2,1,2
e-radialGradient-013.svg,1,1,1,2,1,2
e-radialGradient-014.svg,1,1,2,1,1,2
e-radialGradient-015.svg,1,1,3,1,1,1
e-radialGradient-016.svg,1,1,3,1,1,1
e-radialGradient-017.svg,1,1,1,1,1,1
e-radialGradient-038.svg,1,1,3,1,1,1
e-radialGradient-018.svg,1,1,3,1,1,1
e-radialGradient-019.svg,1,1,3,1,1,1
e-radialGradient-020.svg,1,1,1,1,1,2
e-radialGradient-021.svg,1,1,1,1,2,2
e-radialGradient-022.svg,1,1,1,1,1,1
e-radialGradient-023.svg,1,1,1,1,1,1
e-radialGradient-024.svg,1,1,1,1,1,1
e-radialGradient-025.svg,1,1,1,1,1,1
e-radialGradient-026.svg,1,1,1,2,1,2
e-radialGradient-027.svg,1,1,1,2,1,2
e-radialGradient-028.svg,1,1,1,1,1,1
e-radialGradient-029.svg,1,1,1,2,1,2
e-radialGradient-030.svg,1,1,1,2,1,2
e-radialGradient-031.svg,2,1,1,1,1,1
e-radialGradient-032.svg,0,0,3,0,0,0
e-radialGradient-033.svg,1,1,1,2,2,2
e-radialGradient-036.svg,1,1,1,2,2,2
e-radialGradient-037.svg,1,1,1,2,2,2
e-radialGradient-034.svg,1,1,1,1,1,2
e-radialGradient-035.svg,1,1,1,2,1,2
e-rect-001.svg,1,1,1,1,1,1
e-rect-002.svg,1,1,1,1,1,1
e-rect-003.svg,1,1,1,1,1,1
e-rect-004.svg,1,1,1,1,1,1
e-rect-005.svg,1,1,1,1,1,1
e-rect-006.svg,1,1,1,1,1,1
e-rect-007.svg,1,1,3,1,1,1
e-rect-008.svg,1,1,3,1,1,1
e-rect-009.svg,1,1,1,1,1,1
e-rect-010.svg,1,1,1,1,1,1
e-rect-011.svg,1,1,3,1,1,2
e-rect-012.svg,1,1,3,1,1,2
e-rect-013.svg,1,1,3,1,2,2
e-rect-014.svg,1,1,3,1,2,2
e-rect-015.svg,1,1,3,1,2,1
e-rect-016.svg,1,1,1,2,1,1
e-rect-017.svg,1,1,1,2,1,1
e-rect-018.svg,1,1,1,1,1,1
e-rect-019.svg,1,1,1,1,1,1
e-rect-020.svg,1,1,1,1,1,1
e-rect-021.svg,1,1,1,1,1,2
e-rect-022.svg,1,1,1,1,1,2
e-rect-023.svg,1,1,1,1,1,2
e-rect-024.svg,1,1,1,1,2,2
e-stop-001.svg,1,1,1,1,1,1
e-stop-002.svg,1,1,1,1,1,1
e-stop-003.svg,1,1,1,1,1,1
e-stop-004.svg,1,1,1,1,1,1
e-stop-005.svg,1,1,1,1,1,1
e-stop-006.svg,1,1,1,1,1,1
e-stop-015.svg,1,1,1,1,1,1
e-stop-016.svg,1,1,1,1,1,1
e-stop-017.svg,1,1,1,1,1,1
e-stop-007.svg,1,1,1,1,1,1
e-stop-008.svg,1,1,1,1,1,1
e-stop-009.svg,1,1,1,1,1,1
e-stop-010.svg,1,1,1,3,1,1
e-stop-011.svg,1,1,1,1,1,2
e-stop-012.svg,0,0,0,0,0,0
e-stop-013.svg,0,0,0,0,0,0
e-stop-014.svg,1,1,1,1,1,1
e-style-001.svg,1,1,1,1,1,2
e-style-002.svg,1,1,1,1,1,2
e-style-003.svg,1,1,1,1,1,2
e-style-004.svg,1,2,1,1,2,2
e-style-005.svg,1,1,1,1,1,2
e-style-006.svg,1,2,1,1,2,2
e-style-007.svg,1,1,1,1,1,1
e-style-008.svg,1,1,1,1,1,2
e-style-009.svg,1,1,1,1,1,1
e-style-010.svg,1,1,1,2,2,2
e-style-011.svg,1,1,1,2,1,1
e-svg-001.svg,1,1,1,1,1,1
e-svg-002.svg,1,2,1,1,2,2
e-svg-003.svg,1,2,1,1,2,2
e-svg-004.svg,1,1,1,2,1,1
e-svg-031.svg,1,1,1,2,1,1
e-svg-032.svg,1,1,1,2,1,2
e-svg-005.svg,1,1,1,1,1,1
e-svg-006.svg,1,1,1,1,1,1
e-svg-007.svg,1,2,1,1,1,1
e-svg-008.svg,1,1,2,1,1,2
e-svg-009.svg,1,1,2,1,1,2
e-svg-010.svg,1,1,2,1,1,2
e-svg-011.svg,1,1,2,1,1,2
e-svg-012.svg,1,1,1,1,1,2
e-svg-013.svg,1,1,2,1,1,2
e-svg-014.svg,1,1,2,1,1,2
e-svg-015.svg,1,1,2,1,1,2
e-svg-016.svg,1,1,2,1,1,1
e-svg-017.svg,1,1,2,1,1,1
e-svg-018.svg,0,0,0,0,0,0
e-svg-019.svg,0,0,0,0,0,0
e-svg-020.svg,0,0,0,0,0,0
e-svg-021.svg,1,1,1,1,1,1
e-svg-022.svg,1,1,1,1,1,2
e-svg-023.svg,1,1,1,1,1,2
e-svg-024.svg,1,1,1,2,1,2
e-svg-025.svg,1,1,1,2,1,2
e-svg-026.svg,1,1,1,2,1,2
e-svg-027.svg,1,1,1,2,1,2
e-svg-028.svg,1,1,1,1,1,2
e-svg-029.svg,1,1,1,1,1,2
e-svg-030.svg,1,1,1,2,1,2
e-switch-001.svg,1,1,1,1,1,1
e-switch-002.svg,1,2,1,1,1,1
e-switch-003.svg,1,1,1,2,1,2
e-switch-004.svg,1,1,1,1,1,1
e-symbol-001.svg,1,1,1,1,1,1
e-symbol-002.svg,1,1,1,1,1,2
e-symbol-003.svg,1,1,1,1,1,2
e-symbol-004.svg,1,1,1,2,1,2
e-symbol-005.svg,1,1,1,2,2,2
e-symbol-006.svg,1,1,1,2,1,2
e-symbol-007.svg,1,1,1,1,1,1
e-symbol-008.svg,1,1,1,2,2,2
e-text-001.svg,1,1,1,1,1,1
e-text-002.svg,1,1,1,1,2,2
e-text-003.svg,1,1,1,1,2,2
e-text-004.svg,1,1,1,1,2,2
e-text-024.svg,1,1,1,1,2,2
e-text-030.svg,1,2,2,2,2,2
e-text-005.svg,1,1,1,1,1,2
e-text-006.svg,1,1,1,1,2,2
e-text-007.svg,1,1,1,1,2,2
e-text-008.svg,1,1,1,1,2,2
e-text-009.svg,1,1,1,1,1,2
e-text-010.svg,1,1,1,1,2,2
e-text-011.svg,1,2,1,1,2,2
e-text-012.svg,1,2,1,1,2,2
e-text-013.svg,1,2,2,1,2,2
e-text-014.svg,1,2,1,1,2,2
e-text-032.svg,1,1,2,1,2,2
e-text-033.svg,1,1,2,2,2,2
e-text-034.svg,2,1,2,2,2,2
e-text-015.svg,1,1,1,1,1,2
e-text-016.svg,1,1,1,1,1,2
e-text-017.svg,1,1,1,1,1,2
e-text-018.svg,1,1,1,1,1,1
e-text-019.svg,1,1,1,1,1,1
e-text-020.svg,1,1,1,1,1,1
e-text-021.svg,1,1,1,1,1,1
e-text-022.svg,1,1,1,2,1,1
e-text-023.svg,1,1,1,1,1,1
e-text-025.svg,1,1,2,1,1,1
e-text-026.svg,2,1,2,2,2,2
e-text-027.svg,1,1,2,2,1,1
e-text-028.svg,2,2,2,2,1,2
e-text-029.svg,2,2,2,2,2,2
e-text-031.svg,1,1,2,1,1,1
e-tref-001.svg,2,1,1,1,1,2
e-tref-002.svg,2,1,1,2,2,2
e-tref-003.svg,2,1,3,1,1,2
e-tref-004.svg,2,2,3,1,2,2
e-tref-005.svg,2,1,2,2,2,2
e-tref-006.svg,2,1,1,1,2,2
e-tref-007.svg,2,1,1,1,2,2
e-tref-008.svg,2,2,2,1,2,2
e-tspan-001.svg,1,1,1,1,1,1
e-tspan-002.svg,1,1,1,1,1,2
e-tspan-014.svg,1,1,1,1,1,2
e-tspan-015.svg,1,1,1,1,1,2
e-tspan-003.svg,1,1,1,1,1,1
e-tspan-004.svg,1,1,1,2,2,1
e-tspan-005.svg,1,1,1,1,2,1
e-tspan-006.svg,1,1,1,1,2,1
e-tspan-007.svg,1,1,1,1,1,1
e-tspan-008.svg,1,1,1,1,1,1
e-tspan-009.svg,1,1,1,2,2,2
e-tspan-010.svg,1,1,1,2,2,2
e-tspan-011.svg,1,1,1,1,1,2
e-tspan-012.svg,1,1,1,1,2,1
e-tspan-013.svg,1,1,1,1,1,2
e-tspan-016.svg,1,1,2,2,2,2
e-use-001.svg,1,1,1,1,1,1
e-use-002.svg,1,1,1,1,1,1
e-use-003.svg,1,1,1,1,2,1
e-use-004.svg,1,1,1,1,1,1
e-use-005.svg,1,1,1,1,2,1
e-use-015.svg,1,1,1,1,1,1
e-use-016.svg,1,1,1,1,1,1
e-use-017.svg,1,1,1,1,1,1
e-use-018.svg,1,1,1,1,1,1
e-use-019.svg,1,1,1,1,1,1
e-use-006.svg,1,1,1,1,1,1
e-use-007.svg,1,1,1,1,1,1
e-use-008.svg,2,2,1,1,2,2
e-use-009.svg,1,1,1,1,1,1
e-use-010.svg,1,1,3,1,1,1
e-use-011.svg,1,1,2,1,1,1
e-use-012.svg,1,1,2,1,1,1
e-use-013.svg,1,1,3,1,1,1
e-use-014.svg,1,1,1,1,1,2
e-use-020.svg,1,1,1,1,1,1
